{"accuracy": 0.9, "loss": 0.5, "_timestamp": 1679097483.145378, "_runtime": 1356.6935632228851, "_step": 2, "_wandb": {"runtime": 1703}}