{"train accuracy": 96.2824394928269, "train loss": 0.16008213458464668, "val accuracy": 65.13275448944067, "val loss": 1.6748100494337872, "_timestamp": 1679220490.6616118, "_runtime": 11389.20380783081, "_step": 19, "_wandb": {"runtime": 11411}}