{"train accuracy": 96.65316719996598, "train loss": 0.14129105949739468, "val accuracy": 66.0811880087118, "val loss": 1.6979992669710628, "_timestamp": 1679282800.7641172, "_runtime": 19265.311850309372, "_step": 19, "_wandb": {"runtime": 19330}}